CreditStatus,DurationMonth,CreditHistory,Purpose,CreditAmount,InstallmentRate,Age,OtherInstallmentPlans,Housing,NumExistingCredits,Job
1,6,A34,A43,1169,4,67,A143,A152,2,A173
2,48,A32,A43,5951,2,22,A143,A152,1,A173
1,12,A34,A46,2096,2,49,A143,A152,1,A172
1,42,A32,A42,7882,2,45,A143,A153,1,A173
2,24,A33,A40,4870,3,53,A143,A153,2,A173
1,36,A32,A46,9055,2,35,A143,A153,1,A172
1,24,A32,A42,2835,3,53,A143,A152,1,A173
1,36,A32,A41,6948,2,35,A143,A151,1,A174
1,12,A32,A43,3059,2,61,A143,A152,1,A172
2,30,A34,A40,5234,4,28,A143,A152,2,A174
2,12,A32,A40,1295,3,25,A143,A151,1,A173
2,48,A32,A49,4308,3,24,A143,A151,1,A173
1,12,A32,A43,1567,1,22,A143,A152,1,A173
2,24,A34,A40,1199,4,60,A143,A152,2,A172
1,15,A32,A40,1403,2,28,A143,A151,1,A173
2,24,A32,A43,1282,4,32,A143,A152,1,A172
1,24,A34,A43,2424,4,53,A143,A152,2,A173
1,30,A30,A49,8072,2,25,A141,A152,3,A173
2,24,A32,A41,12579,4,44,A143,A153,1,A174
1,24,A32,A43,3430,3,31,A143,A152,1,A173
1,9,A34,A40,2134,4,48,A143,A152,3,A173
1,6,A32,A43,2647,2,44,A143,A151,1,A173
1,10,A34,A40,2241,1,48,A143,A151,2,A172
1,12,A34,A41,1804,3,44,A143,A152,1,A173
1,10,A34,A42,2069,2,26,A143,A152,2,A173
1,6,A32,A42,1374,1,36,A141,A152,1,A172
1,6,A30,A43,426,4,39,A143,A152,1,A172
1,12,A31,A43,409,3,42,A143,A151,2,A173
1,7,A32,A43,2415,3,34,A143,A152,1,A173
2,60,A33,A49,6836,3,63,A143,A152,2,A173
1,18,A32,A49,1913,3,36,A141,A152,1,A173
1,24,A32,A42,4020,2,27,A142,A152,1,A173
1,18,A32,A40,5866,2,30,A143,A152,2,A173
1,12,A34,A49,1264,4,57,A143,A151,1,A172
1,12,A32,A42,1474,4,33,A141,A152,1,A174
2,45,A34,A43,4746,4,25,A143,A152,2,A172
1,48,A34,A46,6110,1,31,A141,A153,1,A173
2,18,A32,A43,2100,4,37,A142,A152,1,A173
1,10,A32,A44,1225,2,37,A143,A152,1,A173
1,9,A32,A43,458,4,24,A143,A152,1,A173
1,30,A32,A43,2333,4,30,A141,A152,1,A174
1,12,A32,A43,1158,3,26,A143,A152,1,A173
1,18,A33,A45,6204,2,44,A143,A152,1,A172
1,30,A34,A41,6187,1,24,A143,A151,2,A173
2,48,A34,A41,6143,4,58,A142,A153,2,A172
1,11,A34,A40,1393,4,35,A143,A152,2,A174
1,36,A32,A43,2299,4,39,A143,A152,1,A173
1,6,A32,A41,1352,1,23,A143,A151,1,A171
1,11,A34,A40,7228,1,39,A143,A152,2,A172
1,12,A32,A43,2073,4,28,A143,A152,1,A173
1,24,A33,A42,2333,4,29,A141,A152,1,A172
1,27,A33,A41,5965,1,30,A143,A152,2,A174
1,12,A32,A43,1262,3,25,A143,A152,1,A173
1,18,A32,A41,3378,2,31,A143,A152,1,A173
2,36,A33,A40,2225,4,57,A141,A153,2,A173
1,6,A31,A40,783,1,26,A142,A152,1,A172
2,12,A32,A43,6468,2,52,A143,A152,1,A174
1,36,A34,A43,9566,2,31,A142,A152,2,A173
1,18,A32,A40,1961,3,23,A143,A152,1,A174
2,36,A34,A42,6229,4,23,A143,A151,2,A172
1,9,A32,A49,1391,2,27,A141,A152,1,A173
1,15,A34,A43,1537,4,50,A143,A152,2,A173
2,36,A30,A49,1953,4,61,A143,A153,1,A174
2,48,A30,A49,14421,2,25,A143,A152,1,A173
1,24,A32,A43,3181,4,26,A143,A152,1,A173
1,27,A32,A45,5190,4,48,A143,A152,4,A173
1,12,A32,A43,2171,2,29,A141,A152,1,A173
1,12,A32,A40,1007,4,22,A143,A152,1,A173
2,36,A32,A46,1819,4,37,A142,A153,1,A173
1,36,A32,A43,2394,4,25,A143,A152,1,A173
1,36,A32,A41,8133,1,30,A141,A152,1,A173
1,7,A34,A43,730,4,46,A143,A151,2,A172
1,8,A34,A410,1164,3,51,A141,A153,2,A174
1,42,A34,A49,5954,2,41,A141,A152,2,A172
2,36,A32,A46,1977,4,40,A143,A152,1,A174
1,12,A34,A41,1526,4,66,A143,A153,2,A174
2,42,A32,A43,3965,4,34,A143,A152,1,A173
1,11,A33,A43,4771,2,51,A143,A152,1,A173
1,54,A30,A41,9436,2,39,A143,A152,1,A172
1,30,A32,A42,3832,2,22,A143,A152,1,A173
2,24,A32,A43,5943,1,44,A143,A152,2,A173
1,15,A32,A43,1213,4,47,A142,A152,1,A173
1,18,A32,A49,1568,3,24,A143,A151,1,A172
1,24,A32,A410,1755,4,58,A143,A152,1,A172
1,10,A32,A43,2315,3,52,A143,A152,1,A172
1,12,A34,A49,1412,4,29,A143,A152,2,A174
1,18,A34,A42,1295,4,27,A143,A152,2,A173
2,36,A32,A46,12612,1,47,A143,A153,1,A173
1,18,A32,A40,2249,4,30,A143,A152,1,A174
2,12,A30,A45,1108,4,28,A143,A152,2,A173
1,12,A34,A43,618,4,56,A143,A152,1,A173
1,12,A34,A41,1409,4,54,A143,A152,1,A173
2,12,A34,A43,797,4,33,A141,A152,1,A172
1,24,A34,A42,3617,4,20,A143,A151,2,A173
1,12,A32,A40,1318,4,54,A143,A152,1,A173
2,54,A30,A49,15945,3,58,A143,A151,1,A173
1,12,A34,A46,2012,4,61,A143,A152,1,A173
1,18,A32,A49,2622,4,34,A143,A152,1,A173
1,36,A34,A43,2337,4,36,A143,A152,1,A173
1,20,A33,A41,7057,3,36,A141,A151,2,A174
1,24,A32,A40,1469,4,41,A143,A151,1,A172
1,36,A32,A43,2323,4,24,A143,A151,1,A173
1,6,A33,A43,932,3,24,A143,A152,1,A173
1,9,A34,A42,1919,4,35,A143,A151,1,A173
1,12,A32,A41,2445,2,26,A143,A151,1,A173
2,24,A34,A410,11938,2,39,A143,A152,2,A174
2,18,A31,A40,6458,2,39,A141,A152,2,A174
1,12,A32,A40,6078,2,32,A143,A152,1,A173
1,24,A32,A42,7721,1,30,A143,A152,1,A173
1,14,A32,A49,1410,1,35,A143,A152,1,A173
1,6,A33,A49,1449,1,31,A141,A152,2,A173
1,15,A32,A46,392,4,23,A143,A151,1,A173
1,18,A32,A40,6260,3,28,A143,A151,1,A172
2,36,A34,A40,7855,4,25,A142,A152,2,A173
1,12,A32,A43,1680,3,35,A143,A152,1,A173
1,48,A34,A43,3578,4,47,A143,A152,1,A173
2,42,A32,A43,7174,4,30,A143,A152,1,A174
1,10,A34,A42,2132,2,27,A143,A151,2,A173
2,33,A34,A42,4281,1,23,A143,A152,2,A173
1,12,A34,A40,2366,3,36,A143,A152,1,A174
2,21,A32,A43,1835,3,25,A143,A152,2,A173
1,24,A34,A41,3868,4,41,A143,A151,2,A174
1,12,A32,A42,1768,3,24,A143,A151,1,A172
1,10,A34,A40,781,4,63,A143,A153,2,A173
2,18,A32,A42,1924,4,27,A143,A151,1,A173
1,12,A34,A40,2121,4,30,A143,A152,2,A173
1,12,A32,A43,701,4,40,A143,A152,1,A172
2,12,A32,A45,639,4,30,A143,A152,1,A173
1,12,A34,A41,1860,4,34,A143,A152,2,A174
2,12,A34,A40,3499,3,29,A143,A152,2,A173
1,48,A32,A40,8487,1,24,A143,A152,1,A173
2,36,A33,A46,6887,4,29,A142,A152,1,A173
1,15,A32,A42,2708,2,27,A141,A152,2,A172
1,18,A32,A42,1984,4,47,A141,A153,2,A173
1,60,A32,A43,10144,2,21,A143,A152,1,A173
1,12,A34,A43,1240,4,38,A143,A152,2,A173
1,27,A33,A41,8613,2,27,A143,A152,2,A173
2,12,A32,A43,766,4,66,A143,A152,1,A172
1,15,A34,A43,2728,4,35,A141,A152,3,A173
1,12,A32,A43,1881,2,44,A143,A151,1,A172
1,6,A32,A40,709,2,27,A143,A152,1,A171
1,36,A32,A43,4795,4,30,A143,A152,1,A174
1,27,A32,A43,3416,3,27,A143,A152,1,A174
2,18,A32,A42,2462,2,22,A143,A152,1,A173
1,21,A34,A42,2288,4,23,A143,A152,1,A173
1,48,A31,A49,3566,4,30,A143,A152,1,A173
1,6,A34,A40,860,1,39,A143,A152,2,A173
1,12,A34,A40,682,4,51,A143,A152,2,A173
1,36,A34,A42,5371,3,28,A143,A152,2,A173
1,18,A34,A43,1582,4,46,A143,A152,2,A173
1,6,A32,A43,1346,2,42,A141,A153,1,A173
1,10,A32,A43,1924,1,38,A143,A152,1,A173
1,36,A32,A43,5848,4,24,A143,A152,1,A173
1,24,A34,A41,7758,2,29,A143,A151,1,A173
1,24,A33,A49,6967,4,36,A143,A151,1,A174
2,12,A32,A42,1282,2,20,A143,A151,1,A173
1,9,A34,A45,1288,3,48,A143,A152,2,A173
1,12,A31,A48,339,4,45,A141,A152,1,A172
1,24,A32,A40,3512,2,38,A141,A152,2,A173
1,6,A34,A43,1898,1,34,A143,A152,2,A172
1,24,A34,A43,2872,3,36,A143,A152,1,A173
1,18,A34,A40,1055,4,30,A143,A152,2,A173
1,15,A32,A44,1262,4,36,A143,A152,2,A173
1,10,A32,A40,7308,2,70,A141,A153,1,A174
1,36,A32,A40,909,4,36,A143,A152,1,A173
1,6,A32,A42,2978,1,32,A143,A152,1,A173
2,18,A32,A42,1131,4,33,A143,A152,1,A173
1,11,A32,A42,1577,4,20,A143,A152,1,A173
1,24,A32,A42,3972,2,25,A143,A151,1,A173
2,24,A34,A49,1935,4,31,A143,A152,2,A173
2,15,A30,A40,950,4,33,A143,A151,2,A173
1,12,A32,A42,763,4,26,A143,A152,1,A173
2,24,A33,A42,2064,3,34,A143,A152,1,A174
1,8,A32,A43,1414,4,33,A143,A152,1,A173
2,21,A33,A46,3414,2,26,A143,A152,2,A173
2,30,A31,A41,7485,4,53,A141,A152,1,A174
1,12,A32,A42,2577,2,42,A143,A152,1,A173
1,6,A34,A43,338,4,52,A143,A152,2,A173
1,12,A32,A43,1963,4,31,A143,A151,2,A174
1,21,A34,A40,571,4,65,A143,A152,2,A173
2,36,A33,A49,9572,1,28,A143,A152,2,A173
2,36,A33,A49,4455,2,30,A142,A152,2,A174
2,21,A31,A40,1647,4,40,A143,A152,2,A172
1,24,A34,A42,3777,4,50,A143,A152,1,A173
2,18,A34,A40,884,4,36,A141,A152,1,A173
1,15,A34,A43,1360,4,31,A143,A152,2,A173
2,9,A31,A41,5129,2,74,A141,A153,1,A174
1,16,A34,A40,1175,2,68,A143,A153,3,A171
2,12,A32,A43,674,4,20,A143,A152,1,A173
1,18,A30,A42,3244,1,33,A141,A152,2,A173
2,24,A32,A49,4591,2,54,A143,A152,3,A174
2,48,A30,A49,3844,4,34,A143,A153,1,A172
2,27,A32,A49,3915,4,36,A143,A152,1,A173
1,6,A32,A43,2108,2,29,A143,A151,1,A173
2,45,A32,A43,3031,4,21,A143,A151,1,A173
2,9,A34,A46,1501,2,34,A143,A152,2,A174
1,6,A34,A43,1382,1,28,A143,A152,2,A173
2,12,A32,A42,951,4,27,A141,A151,4,A173
1,24,A32,A41,2760,4,36,A141,A153,1,A173
2,18,A33,A42,4297,4,40,A143,A152,1,A174
1,9,A34,A46,936,4,52,A143,A152,2,A173
1,12,A32,A40,1168,4,27,A143,A152,1,A172
1,27,A33,A49,5117,3,26,A143,A152,2,A173
2,12,A32,A48,902,4,21,A143,A151,1,A173
1,12,A34,A40,1495,4,38,A143,A152,2,A172
1,30,A34,A41,10623,3,38,A143,A153,3,A174
1,12,A34,A42,1935,4,43,A143,A152,3,A173
1,12,A34,A44,1424,4,26,A143,A152,1,A173
1,24,A32,A49,6568,2,21,A142,A152,1,A172
1,12,A32,A41,1413,3,55,A143,A152,1,A173
1,9,A34,A43,3074,1,33,A143,A152,2,A173
1,36,A32,A43,3835,2,45,A143,A152,1,A172
2,27,A30,A49,5293,2,50,A142,A152,2,A173
2,30,A33,A49,1908,4,66,A143,A152,1,A174
1,36,A34,A43,3342,4,51,A143,A152,1,A173
1,6,A34,A48,932,1,39,A143,A152,2,A172
1,18,A30,A49,3104,3,31,A141,A152,1,A173
1,36,A32,A43,3913,2,23,A143,A152,1,A173
1,24,A32,A42,3021,2,24,A143,A151,1,A172
1,10,A32,A40,1364,2,64,A143,A152,1,A173
1,12,A32,A43,625,4,26,A141,A152,1,A172
1,12,A32,A46,1200,4,23,A141,A151,1,A173
1,12,A32,A43,707,4,30,A141,A152,2,A173
1,24,A33,A49,2978,4,32,A143,A152,2,A173
1,15,A32,A41,4657,3,30,A143,A152,1,A173
1,36,A30,A45,2613,4,27,A143,A152,2,A173
2,48,A32,A43,10961,1,27,A141,A152,2,A173
2,12,A32,A42,7865,4,53,A143,A153,1,A174
2,9,A32,A43,1478,4,22,A143,A152,1,A173
1,24,A32,A42,3149,4,22,A141,A153,1,A173
2,36,A32,A43,4210,4,26,A143,A152,1,A173
1,9,A32,A40,2507,2,51,A143,A153,1,A172
1,12,A32,A43,2141,3,35,A143,A152,1,A173
1,18,A32,A43,866,4,25,A143,A152,1,A172
1,4,A34,A43,1544,2,42,A143,A152,3,A172
2,24,A32,A43,1823,4,30,A142,A152,1,A174
2,6,A32,A40,14555,1,23,A143,A152,1,A171
2,21,A32,A49,2767,4,61,A141,A151,2,A172
1,12,A34,A43,1291,4,35,A143,A152,2,A173
1,30,A32,A43,2522,1,39,A143,A152,1,A173
2,24,A32,A40,915,4,29,A141,A152,1,A173
1,6,A32,A43,1595,3,51,A143,A152,1,A173
2,48,A30,A41,4605,3,24,A143,A153,2,A173
1,12,A34,A49,1185,3,27,A143,A152,2,A173
1,12,A31,A48,3447,4,35,A143,A152,1,A172
1,24,A32,A49,1258,4,25,A143,A152,1,A173
1,12,A34,A43,717,4,52,A143,A152,3,A173
1,6,A30,A40,1204,4,35,A141,A151,1,A173
1,24,A32,A42,1925,2,26,A143,A152,1,A173
2,18,A32,A43,433,3,22,A143,A151,1,A173
1,6,A34,A40,666,3,39,A143,A152,2,A172
1,12,A32,A42,2251,1,46,A143,A152,1,A172
2,30,A32,A40,2150,4,24,A141,A152,1,A173
1,24,A33,A42,4151,2,35,A143,A152,2,A173
1,9,A32,A42,2030,2,24,A143,A152,1,A173
1,60,A33,A43,7418,1,27,A143,A152,1,A172
1,24,A34,A43,2684,4,35,A143,A152,2,A172
2,12,A31,A43,2149,4,29,A143,A153,1,A173
1,15,A32,A41,3812,1,23,A143,A152,1,A173
1,11,A34,A43,1154,4,57,A143,A152,3,A172
1,12,A32,A42,1657,2,27,A143,A152,1,A173
1,24,A32,A43,1603,4,55,A143,A152,1,A173
1,18,A34,A40,5302,2,36,A143,A153,3,A174
1,12,A34,A46,2748,2,57,A141,A153,3,A172
1,10,A34,A40,1231,3,32,A143,A152,2,A172
2,15,A32,A43,802,4,37,A143,A152,1,A173
1,36,A34,A49,6304,4,36,A143,A152,2,A173
1,24,A32,A43,1533,4,38,A142,A152,1,A173
2,14,A32,A40,8978,1,45,A143,A152,1,A174
1,24,A32,A43,999,4,25,A143,A152,2,A173
1,18,A32,A40,2662,4,32,A143,A152,1,A173
1,12,A34,A42,1402,3,37,A143,A151,1,A173
1,48,A31,A40,12169,4,36,A143,A153,1,A174
2,48,A32,A43,3060,4,28,A143,A152,2,A173
2,30,A32,A45,11998,1,34,A143,A152,1,A172
1,9,A32,A43,2697,1,32,A143,A152,1,A173
1,18,A34,A43,2404,2,26,A143,A152,2,A173
1,12,A32,A42,1262,2,49,A143,A152,1,A172
2,6,A32,A42,4611,1,32,A143,A152,1,A173
1,24,A32,A43,1901,4,29,A143,A151,1,A174
1,15,A34,A41,3368,3,23,A143,A151,2,A173
1,12,A32,A42,1574,4,50,A143,A152,1,A173
1,18,A31,A43,1445,4,49,A141,A152,1,A172
1,15,A34,A42,1520,4,63,A143,A152,1,A173
1,24,A34,A40,3878,4,37,A143,A152,1,A173
1,47,A32,A40,10722,1,35,A143,A152,1,A172
1,48,A32,A41,4788,4,26,A143,A152,1,A173
1,48,A33,A410,7582,2,31,A143,A153,1,A174
1,12,A32,A43,1092,4,49,A143,A152,2,A173
2,24,A33,A43,1024,4,48,A142,A152,1,A173
1,12,A32,A49,1076,2,26,A143,A152,1,A173
2,36,A32,A41,9398,1,28,A143,A151,1,A174
1,24,A34,A41,6419,2,44,A143,A153,2,A174
1,42,A34,A41,4796,4,56,A143,A153,1,A173
1,48,A34,A49,7629,4,46,A141,A152,2,A174
2,48,A32,A42,9960,1,26,A143,A152,1,A173
1,12,A32,A41,4675,1,20,A143,A151,1,A173
1,10,A32,A40,1287,4,45,A143,A152,1,A172
1,18,A32,A42,2515,3,43,A143,A152,1,A173
1,21,A34,A42,2745,3,32,A143,A152,2,A173
1,6,A32,A40,672,1,54,A143,A152,1,A171
2,36,A30,A43,3804,4,42,A143,A152,1,A173
2,24,A34,A40,1344,4,37,A141,A152,2,A172
1,10,A34,A40,1038,4,49,A143,A152,2,A173
2,48,A34,A40,10127,2,44,A141,A153,1,A173
1,6,A32,A42,1543,4,33,A143,A152,1,A173
1,30,A32,A41,4811,2,24,A142,A151,1,A172
2,12,A32,A43,727,4,33,A143,A152,1,A172
2,8,A32,A42,1237,3,24,A143,A152,1,A173
1,9,A32,A40,276,4,22,A143,A151,1,A172
1,48,A32,A410,5381,3,40,A141,A153,1,A171
1,24,A32,A42,5511,4,25,A142,A152,1,A173
1,24,A32,A42,3749,2,26,A143,A152,1,A173
2,12,A32,A40,685,2,25,A141,A152,1,A172
1,4,A32,A40,1494,1,29,A143,A152,1,A172
2,36,A31,A42,2746,4,31,A141,A152,1,A173
1,12,A32,A42,708,2,38,A143,A152,1,A172
1,24,A32,A42,4351,1,48,A143,A152,1,A172
1,12,A34,A46,701,4,32,A143,A152,2,A173
1,15,A33,A42,3643,1,27,A143,A152,2,A172
2,30,A34,A40,4249,4,28,A143,A152,2,A174
2,24,A32,A43,1938,4,32,A143,A152,1,A173
1,24,A32,A41,2910,2,34,A143,A153,1,A174
1,18,A32,A42,2659,4,28,A143,A152,1,A173
1,18,A34,A40,1028,4,36,A143,A152,2,A173
1,8,A34,A40,3398,1,39,A143,A152,2,A172
1,12,A34,A42,5801,2,49,A143,A151,1,A173
1,24,A32,A40,1525,4,34,A143,A152,1,A173
1,36,A32,A43,4473,4,31,A143,A152,1,A173
1,6,A32,A43,1068,4,28,A143,A152,1,A173
1,24,A34,A41,6615,2,75,A143,A153,2,A174
2,18,A34,A46,1864,4,30,A143,A152,2,A173
2,60,A32,A40,7408,4,24,A143,A152,1,A174
2,48,A34,A41,11590,2,24,A141,A151,2,A172
2,24,A30,A42,4110,3,23,A141,A151,2,A173
2,6,A34,A42,3384,1,44,A143,A151,1,A174
1,13,A32,A43,2101,2,23,A143,A152,1,A172
2,15,A32,A44,1275,4,24,A143,A151,1,A173
1,24,A32,A42,4169,4,28,A143,A152,1,A173
1,10,A32,A42,1521,4,31,A143,A152,1,A172
1,24,A34,A46,5743,2,24,A143,A153,2,A173
1,21,A32,A42,3599,1,26,A143,A151,1,A172
1,18,A32,A43,3213,1,25,A143,A151,1,A173
1,18,A32,A49,4439,1,33,A141,A152,1,A174
1,10,A32,A40,3949,1,37,A143,A152,1,A172
1,15,A34,A43,1459,4,43,A143,A152,1,A172
1,13,A34,A43,882,4,23,A143,A152,2,A173
1,24,A32,A43,3758,1,23,A143,A151,1,A171
1,6,A33,A49,1743,1,34,A143,A152,2,A172
2,9,A34,A46,1136,4,32,A143,A153,2,A173
1,9,A32,A44,1236,1,23,A143,A151,1,A173
2,9,A32,A42,959,1,29,A143,A152,1,A173
1,18,A34,A41,3229,2,38,A143,A152,1,A174
2,12,A30,A43,6199,4,28,A143,A151,2,A173
1,10,A32,A46,727,4,46,A143,A153,1,A173
2,24,A32,A40,1246,4,23,A142,A152,1,A172
1,12,A34,A43,2331,1,49,A143,A152,1,A173
2,36,A33,A43,4463,4,26,A143,A152,2,A174
1,12,A32,A43,776,4,28,A143,A152,1,A173
2,30,A32,A42,2406,4,23,A143,A151,1,A173
1,18,A32,A46,1239,4,61,A143,A153,1,A173
1,12,A32,A43,3399,2,37,A143,A152,1,A174
1,12,A33,A40,2247,2,36,A142,A152,2,A173
1,6,A32,A42,1766,1,21,A143,A151,1,A173
2,18,A32,A42,2473,4,25,A143,A152,1,A171
1,12,A32,A49,1542,2,36,A143,A152,1,A173
1,18,A34,A41,3850,3,27,A143,A152,2,A173
1,18,A32,A42,3650,1,22,A143,A151,1,A173
2,36,A32,A42,3446,4,42,A143,A152,1,A173
1,18,A32,A42,3001,2,40,A143,A151,1,A173
1,36,A32,A40,3079,4,36,A143,A152,1,A173
1,18,A34,A43,6070,3,33,A143,A152,2,A173
1,10,A34,A42,2146,1,23,A143,A151,2,A173
1,60,A34,A40,13756,2,63,A141,A153,1,A174
2,60,A31,A410,14782,3,60,A141,A153,2,A174
2,48,A31,A49,7685,2,37,A143,A151,1,A173
1,18,A33,A43,2320,2,34,A143,A152,2,A173
1,7,A33,A43,846,3,36,A143,A153,1,A173
2,36,A32,A40,14318,4,57,A143,A153,1,A174
1,6,A34,A40,362,4,52,A143,A152,2,A172
1,20,A32,A42,2212,4,39,A143,A152,1,A173
2,18,A32,A41,12976,3,38,A143,A153,1,A174
1,22,A32,A40,1283,4,25,A143,A151,1,A173
1,12,A32,A40,1330,4,26,A143,A152,1,A173
1,30,A33,A49,4272,2,26,A143,A152,2,A172
1,18,A34,A43,2238,2,25,A143,A152,2,A173
1,18,A32,A43,1126,4,21,A143,A151,1,A173
1,18,A34,A42,7374,4,40,A142,A152,2,A174
1,15,A34,A49,2326,2,27,A141,A152,1,A173
1,9,A32,A49,1449,3,27,A143,A152,2,A173
1,18,A32,A40,1820,2,30,A143,A152,1,A174
1,12,A32,A42,983,1,19,A143,A151,1,A172
1,36,A32,A40,3249,2,39,A141,A153,1,A174
1,6,A34,A43,1957,1,31,A143,A152,1,A173
1,9,A34,A42,2406,2,31,A143,A152,1,A174
1,39,A33,A46,11760,2,32,A143,A151,1,A173
1,12,A32,A42,2578,3,55,A143,A153,1,A174
1,36,A34,A42,2348,3,46,A143,A152,2,A173
2,12,A32,A40,1223,1,46,A143,A151,2,A173
1,24,A34,A43,1516,4,43,A143,A152,2,A172
1,18,A32,A43,1473,3,39,A143,A152,1,A173
1,18,A34,A49,1887,4,28,A141,A152,2,A173
2,24,A33,A49,8648,2,27,A141,A152,2,A173
1,14,A33,A40,802,4,27,A143,A152,2,A172
1,18,A33,A40,2899,4,43,A143,A152,1,A173
2,24,A32,A43,2039,1,22,A143,A152,1,A173
1,24,A34,A41,2197,4,43,A143,A152,2,A173
1,15,A32,A43,1053,4,27,A143,A152,1,A173
1,24,A32,A43,3235,3,26,A143,A152,1,A174
2,12,A34,A40,939,4,28,A143,A152,3,A173
1,24,A32,A43,1967,4,20,A143,A152,1,A173
1,33,A34,A41,7253,3,35,A143,A152,2,A174
2,12,A34,A49,2292,4,42,A142,A152,2,A174
1,10,A32,A40,1597,3,40,A143,A151,1,A172
2,24,A32,A40,1381,4,35,A143,A152,1,A173
1,36,A34,A41,5842,2,35,A143,A152,2,A173
2,12,A32,A40,2579,4,33,A143,A152,1,A172
1,18,A33,A46,8471,1,23,A143,A151,2,A173
1,21,A32,A40,2782,1,31,A141,A152,1,A174
2,18,A32,A40,1042,4,33,A143,A152,1,A173
1,15,A32,A40,3186,2,20,A143,A151,1,A173
1,12,A32,A41,2028,4,30,A143,A152,1,A173
1,12,A34,A40,958,2,47,A143,A152,2,A172
1,21,A33,A42,1591,4,34,A143,A152,2,A174
2,12,A32,A42,2762,1,25,A141,A152,1,A173
1,18,A32,A41,2779,1,21,A143,A151,1,A173
1,28,A34,A43,2743,4,29,A143,A152,2,A173
1,18,A34,A43,1149,4,46,A143,A152,2,A173
1,9,A32,A42,1313,1,20,A143,A152,1,A173
2,18,A34,A45,1190,2,55,A143,A153,3,A171
1,5,A32,A49,3448,1,74,A143,A152,1,A172
2,24,A32,A410,11328,2,29,A141,A152,2,A174
1,6,A34,A42,1872,4,36,A143,A153,3,A174
1,24,A34,A45,2058,4,33,A143,A152,2,A173
1,9,A32,A42,2136,3,25,A143,A152,1,A173
2,12,A32,A43,1484,2,25,A143,A152,1,A173
1,6,A32,A45,660,2,23,A143,A151,1,A172
1,24,A34,A40,1287,4,37,A143,A152,2,A173
1,42,A34,A45,3394,4,65,A143,A152,2,A171
2,12,A31,A49,609,4,26,A143,A152,1,A171
1,12,A32,A40,1884,4,39,A143,A152,1,A174
1,12,A32,A42,1620,2,30,A143,A152,1,A173
1,20,A33,A410,2629,2,29,A141,A152,2,A173
2,12,A32,A46,719,4,41,A141,A152,1,A172
2,48,A34,A42,5096,2,30,A143,A152,1,A174
1,9,A34,A46,1244,4,41,A143,A151,2,A172
2,36,A32,A40,1842,4,34,A143,A152,1,A173
1,7,A32,A43,2576,2,35,A143,A152,1,A173
1,12,A32,A42,1424,3,55,A143,A152,1,A174
2,15,A33,A45,1512,3,61,A142,A152,2,A173
1,36,A34,A41,11054,4,30,A143,A152,1,A174
1,6,A32,A43,518,3,29,A143,A152,1,A173
1,12,A30,A42,2759,2,34,A143,A152,2,A173
1,24,A32,A41,2670,4,35,A143,A152,1,A174
2,24,A32,A40,4817,2,31,A143,A152,1,A173
1,24,A32,A41,2679,4,29,A143,A152,1,A174
1,11,A34,A40,3905,2,36,A143,A151,2,A173
2,12,A32,A41,3386,3,35,A143,A153,1,A173
1,6,A32,A44,343,4,27,A143,A152,1,A173
1,18,A32,A43,4594,3,32,A143,A152,1,A173
1,36,A32,A42,3620,1,37,A143,A152,1,A173
1,15,A32,A40,1721,2,36,A143,A152,1,A173
1,12,A32,A42,3017,3,34,A143,A151,1,A174
1,12,A32,A48,754,4,38,A143,A152,2,A173
1,18,A32,A49,1950,4,34,A142,A152,2,A173
1,24,A32,A41,2924,3,63,A141,A152,1,A173
2,24,A33,A43,1659,4,29,A143,A151,1,A172
1,48,A33,A43,7238,3,32,A141,A152,2,A173
1,33,A33,A49,2764,2,26,A143,A152,2,A173
1,24,A33,A41,4679,3,35,A143,A152,2,A172
2,24,A32,A43,3092,3,22,A143,A151,1,A173
2,6,A32,A46,448,4,23,A143,A152,1,A173
2,9,A32,A40,654,4,28,A143,A152,1,A172
1,6,A32,A48,1238,4,36,A143,A152,1,A174
2,18,A34,A43,1245,4,33,A143,A152,1,A173
2,18,A30,A42,3114,1,26,A143,A151,1,A173
1,39,A32,A41,2569,4,24,A143,A152,1,A173
1,24,A32,A43,5152,4,25,A141,A152,1,A173
1,12,A32,A49,1037,3,39,A143,A152,1,A172
1,15,A34,A42,1478,4,44,A143,A152,2,A173
1,12,A34,A43,3573,1,23,A143,A152,1,A172
1,24,A32,A40,1201,4,26,A143,A152,1,A173
1,30,A32,A42,3622,4,57,A143,A151,2,A173
1,15,A33,A42,960,3,30,A143,A152,2,A173
1,12,A34,A40,1163,4,44,A143,A152,1,A173
2,6,A33,A40,1209,4,47,A143,A152,1,A174
1,12,A32,A43,3077,2,52,A143,A152,1,A173
1,24,A32,A40,3757,4,62,A143,A153,1,A173
1,10,A32,A40,1418,3,35,A143,A151,1,A172
1,6,A32,A40,3518,2,26,A143,A151,1,A173
1,12,A34,A43,1934,2,26,A143,A152,2,A173
2,27,A30,A49,8318,2,42,A143,A153,2,A174
1,6,A34,A43,1237,1,27,A143,A152,2,A173
1,6,A32,A43,368,4,38,A143,A152,1,A173
1,12,A34,A40,2122,3,39,A143,A151,2,A172
2,24,A32,A42,2996,2,20,A143,A152,1,A173
2,36,A32,A42,9034,4,29,A143,A151,1,A174
1,24,A34,A42,1585,4,40,A143,A152,2,A173
1,18,A32,A43,1301,4,32,A143,A152,1,A172
1,6,A34,A40,1323,2,28,A143,A152,2,A173
2,24,A32,A40,3123,4,27,A143,A152,1,A173
1,36,A32,A41,5493,2,42,A143,A153,1,A173
1,9,A32,A43,1126,2,49,A143,A152,1,A173
2,24,A34,A43,1216,4,38,A141,A152,2,A173
2,24,A32,A40,1207,4,24,A143,A151,1,A173
2,10,A32,A40,1309,4,27,A143,A152,1,A172
1,15,A34,A41,2360,2,36,A143,A152,1,A173
2,15,A31,A40,6850,1,34,A143,A152,1,A174
1,24,A32,A43,1413,4,28,A143,A152,1,A173
1,39,A32,A41,8588,4,45,A143,A152,1,A174
2,12,A32,A40,759,4,26,A143,A152,1,A173
1,36,A32,A41,4686,2,32,A143,A153,1,A174
1,15,A32,A49,2687,2,26,A143,A151,1,A173
1,12,A33,A43,585,4,20,A143,A151,2,A173
1,24,A32,A40,2255,4,54,A143,A152,1,A173
1,6,A34,A40,609,4,37,A143,A152,2,A173
1,6,A34,A40,1361,2,40,A143,A152,1,A172
2,36,A34,A42,7127,2,23,A143,A151,2,A173
1,6,A32,A40,1203,3,43,A143,A152,1,A173
1,6,A34,A43,700,4,36,A143,A153,2,A173
1,24,A34,A45,5507,3,44,A143,A153,2,A173
2,18,A32,A43,3190,2,24,A143,A152,1,A173
2,48,A30,A42,7119,3,53,A143,A153,2,A173
1,24,A32,A41,3488,3,23,A143,A152,1,A173
1,18,A32,A43,1113,4,26,A143,A152,1,A172
1,26,A32,A41,7966,2,30,A143,A152,2,A173
1,15,A34,A46,1532,4,31,A143,A152,1,A173
1,4,A34,A43,1503,2,42,A143,A152,2,A172
2,36,A32,A43,2302,4,31,A143,A151,1,A173
1,6,A32,A40,662,3,41,A143,A152,1,A172
1,36,A32,A46,2273,3,32,A143,A152,2,A173
2,15,A32,A40,2631,2,28,A143,A151,2,A173
1,12,A33,A41,1503,4,41,A143,A151,1,A173
1,24,A32,A43,1311,4,26,A143,A152,1,A173
1,24,A32,A43,3105,4,25,A143,A152,2,A173
2,21,A34,A46,2319,2,33,A143,A151,1,A173
1,6,A32,A40,1374,4,75,A143,A152,1,A174
1,18,A34,A42,3612,3,37,A143,A152,1,A173
2,48,A32,A40,7763,4,42,A141,A153,1,A174
1,18,A32,A42,3049,1,45,A142,A152,1,A172
2,12,A32,A43,1534,1,23,A143,A151,1,A173
1,24,A33,A40,2032,4,60,A143,A153,2,A173
2,30,A32,A42,6350,4,31,A143,A152,1,A173
2,18,A32,A42,2864,2,34,A143,A152,1,A172
1,12,A34,A40,1255,4,61,A143,A152,2,A172
2,24,A33,A40,1333,4,43,A143,A153,2,A173
1,24,A34,A40,2022,4,37,A143,A152,1,A173
1,24,A32,A43,1552,3,32,A141,A152,1,A173
2,12,A31,A43,626,4,24,A141,A152,1,A172
1,48,A34,A41,8858,2,35,A143,A153,2,A173
1,12,A34,A45,996,4,23,A143,A152,2,A173
1,6,A31,A43,1750,2,45,A141,A152,1,A172
2,48,A32,A43,6999,1,34,A143,A152,2,A173
1,12,A34,A40,1995,4,27,A143,A152,1,A173
1,9,A32,A46,1199,4,67,A143,A152,2,A174
2,12,A32,A43,1331,2,22,A142,A152,1,A173
2,18,A30,A40,2278,3,28,A143,A152,2,A173
2,21,A30,A40,5003,1,29,A141,A152,2,A173
2,24,A31,A42,3552,3,27,A141,A152,1,A173
2,18,A34,A42,1928,2,31,A143,A152,2,A172
1,24,A32,A41,2964,4,49,A141,A153,1,A173
2,24,A31,A43,1546,4,24,A141,A151,1,A172
1,6,A33,A43,683,2,29,A141,A152,1,A173
2,36,A32,A40,12389,1,37,A143,A153,1,A173
1,24,A33,A49,4712,4,37,A141,A152,2,A174
1,24,A33,A43,1553,3,23,A143,A151,2,A173
2,12,A32,A40,1372,2,36,A143,A152,1,A173
1,24,A34,A43,2578,2,34,A143,A152,1,A173
1,48,A32,A43,3979,4,41,A143,A152,2,A173
2,48,A32,A43,6758,3,31,A143,A152,1,A173
2,24,A32,A42,3234,4,23,A143,A151,1,A172
1,30,A34,A43,5954,3,38,A143,A152,1,A173
1,24,A32,A41,5433,2,26,A143,A151,1,A174
1,15,A32,A49,806,4,22,A143,A152,1,A172
1,9,A32,A43,1082,4,27,A143,A152,2,A172
1,15,A34,A42,2788,2,24,A141,A152,2,A173
1,12,A32,A43,2930,2,27,A143,A152,1,A173
1,24,A34,A46,1927,3,33,A143,A152,2,A173
2,36,A34,A40,2820,4,27,A143,A152,2,A173
1,24,A32,A48,937,4,27,A143,A152,2,A172
2,18,A34,A40,1056,3,30,A141,A152,2,A173
1,12,A34,A40,3124,1,49,A141,A152,2,A172
1,9,A32,A42,1388,4,26,A143,A151,1,A173
2,36,A32,A45,2384,4,33,A143,A151,1,A172
1,12,A32,A40,2133,4,52,A143,A153,1,A174
2,18,A32,A42,2039,1,20,A141,A151,1,A173
1,9,A34,A40,2799,2,36,A143,A151,2,A173
1,12,A32,A42,1289,4,21,A143,A152,1,A172
2,18,A32,A44,1217,4,47,A143,A152,1,A172
2,12,A34,A42,2246,3,60,A143,A152,2,A173
1,12,A34,A43,385,4,58,A143,A152,4,A172
1,24,A33,A40,1965,4,42,A143,A151,2,A173
1,21,A32,A49,1572,4,36,A141,A152,1,A172
2,24,A32,A40,2718,3,20,A143,A151,1,A172
2,24,A31,A410,1358,4,40,A142,A152,1,A174
2,6,A31,A40,931,1,32,A142,A152,1,A172
2,24,A32,A40,1442,4,23,A143,A151,2,A173
2,24,A30,A49,4241,1,36,A143,A152,3,A172
2,18,A34,A40,2775,2,31,A141,A152,2,A173
1,24,A33,A49,3863,1,32,A143,A153,1,A173
1,7,A32,A43,2329,1,45,A143,A152,1,A173
2,9,A32,A42,918,4,30,A143,A152,1,A173
2,24,A31,A46,1837,4,34,A141,A153,1,A172
2,36,A32,A42,3349,4,28,A143,A152,1,A174
1,10,A32,A42,1275,4,23,A143,A152,1,A173
1,24,A31,A42,2828,4,22,A142,A152,1,A173
1,24,A34,A49,4526,3,74,A143,A152,1,A174
2,36,A32,A43,2671,4,50,A143,A153,1,A173
1,18,A32,A43,2051,4,33,A143,A152,1,A173
1,15,A32,A41,1300,4,45,A141,A153,1,A173
2,12,A32,A44,741,4,22,A143,A152,1,A173
2,10,A32,A40,1240,1,48,A143,A153,1,A172
1,21,A32,A43,3357,4,29,A141,A152,1,A173
1,24,A31,A41,3632,1,22,A141,A151,1,A173
2,18,A33,A42,1808,4,22,A143,A152,1,A173
1,48,A30,A49,12204,2,48,A141,A152,1,A174
1,60,A33,A43,9157,2,27,A143,A153,1,A174
1,6,A34,A40,3676,1,37,A143,A151,3,A173
2,30,A32,A42,3441,2,21,A143,A151,1,A173
1,12,A32,A40,640,4,49,A143,A152,1,A172
1,21,A34,A49,3652,2,27,A143,A152,2,A173
2,18,A34,A40,1530,3,32,A141,A152,2,A173
2,48,A32,A49,3914,4,38,A141,A152,1,A173
1,12,A32,A42,1858,4,22,A143,A151,1,A173
2,18,A32,A43,2600,4,65,A143,A153,2,A173
1,15,A32,A43,1979,4,35,A143,A152,1,A173
1,6,A32,A42,2116,2,41,A143,A152,1,A173
2,9,A31,A40,1437,2,29,A143,A152,1,A173
1,42,A34,A42,4042,4,36,A143,A152,2,A173
1,9,A32,A46,3832,1,64,A143,A152,1,A172
1,24,A32,A43,3660,2,28,A143,A152,1,A173
2,18,A31,A42,1553,4,44,A141,A152,1,A173
1,15,A32,A43,1444,4,23,A143,A152,1,A173
2,9,A32,A42,1980,2,19,A143,A151,2,A173
2,24,A32,A40,1355,3,25,A143,A152,1,A172
1,12,A32,A46,1393,4,47,A141,A152,3,A173
1,24,A32,A43,1376,4,28,A143,A152,1,A173
1,60,A33,A43,15653,2,21,A143,A152,2,A173
1,12,A32,A43,1493,4,34,A143,A152,1,A173
2,42,A33,A43,4370,3,26,A141,A152,2,A173
2,18,A32,A46,750,4,27,A143,A152,1,A171
1,15,A32,A45,1308,4,38,A143,A152,2,A172
2,15,A32,A46,4623,3,40,A143,A152,1,A174
1,24,A34,A43,1851,4,33,A143,A152,2,A173
1,18,A34,A43,1880,4,32,A143,A152,2,A174
2,36,A33,A49,7980,4,27,A143,A151,2,A173
1,30,A30,A42,4583,2,32,A143,A152,2,A173
2,12,A32,A40,1386,2,26,A143,A152,1,A173
2,24,A32,A40,947,4,38,A141,A153,1,A173
2,12,A32,A46,684,4,40,A143,A151,1,A172
1,48,A32,A46,7476,4,50,A143,A153,1,A174
2,12,A32,A42,1922,4,37,A143,A152,1,A172
2,24,A32,A40,2303,4,45,A143,A152,1,A173
2,36,A33,A40,8086,2,42,A143,A152,4,A174
1,24,A34,A41,2346,4,35,A143,A152,2,A173
1,14,A32,A40,3973,1,22,A143,A153,1,A173
2,12,A32,A40,888,4,41,A141,A152,1,A172
1,48,A32,A43,10222,4,37,A142,A152,1,A173
1,30,A30,A49,4221,2,28,A143,A152,2,A173
1,18,A34,A42,6361,2,41,A143,A152,1,A173
1,12,A32,A43,1297,3,23,A143,A151,1,A173
2,12,A32,A40,900,4,23,A143,A152,1,A173
1,21,A32,A42,2241,4,50,A143,A152,2,A173
1,6,A33,A42,1050,4,35,A142,A152,2,A174
1,6,A34,A46,1047,2,50,A143,A152,1,A172
1,24,A34,A410,6314,4,27,A141,A152,2,A174
1,30,A31,A42,3496,4,34,A142,A152,1,A173
1,48,A31,A49,3609,1,27,A142,A152,1,A173
2,12,A34,A40,4843,3,43,A143,A151,2,A173
1,30,A34,A43,3017,4,47,A143,A152,1,A173
1,24,A34,A49,4139,3,27,A143,A152,2,A172
1,36,A32,A49,5742,2,31,A143,A152,2,A173
1,60,A32,A40,10366,2,42,A143,A152,1,A174
1,6,A34,A40,2080,1,24,A143,A152,1,A173
2,21,A33,A49,2580,4,41,A141,A152,1,A172
1,30,A34,A43,4530,4,26,A143,A151,1,A174
1,24,A34,A42,5150,4,33,A143,A152,1,A173
2,72,A32,A43,5595,2,24,A143,A152,1,A173
1,24,A32,A43,2384,4,64,A141,A151,1,A172
1,18,A32,A43,1453,3,26,A143,A152,1,A173
1,6,A32,A46,1538,1,56,A143,A152,1,A173
1,12,A32,A43,2279,4,37,A143,A153,1,A173
1,15,A33,A43,1478,4,33,A141,A152,2,A173
1,24,A34,A43,5103,3,47,A143,A153,3,A173
1,36,A33,A49,9857,1,31,A143,A152,2,A172
1,60,A32,A40,6527,4,34,A143,A153,1,A173
1,10,A34,A43,1347,4,27,A143,A152,2,A173
1,36,A33,A40,2862,4,30,A143,A153,1,A173
1,9,A32,A43,2753,3,35,A143,A152,1,A173
1,12,A32,A40,3651,1,31,A143,A152,1,A173
1,15,A34,A42,975,2,25,A143,A152,2,A173
1,15,A32,A45,2631,3,25,A143,A152,1,A172
1,24,A32,A43,2896,2,29,A143,A152,1,A173
1,6,A34,A40,4716,1,44,A143,A152,2,A172
1,24,A32,A43,2284,4,28,A143,A152,1,A173
1,6,A32,A41,1236,2,50,A143,A151,1,A173
1,12,A32,A43,1103,4,29,A143,A152,2,A173
1,12,A34,A40,926,1,38,A143,A152,1,A171
1,18,A34,A43,1800,4,24,A143,A152,2,A173
1,15,A32,A46,1905,4,40,A143,A151,1,A174
2,12,A32,A42,1123,4,29,A143,A151,1,A172
2,48,A34,A41,6331,4,46,A143,A153,2,A173
1,24,A32,A43,1377,4,47,A143,A153,1,A173
1,30,A33,A49,2503,4,41,A142,A152,2,A173
1,27,A32,A49,2528,4,32,A143,A152,1,A173
1,15,A32,A40,5324,1,35,A143,A153,1,A173
2,48,A32,A40,6560,3,24,A143,A152,1,A173
2,12,A30,A42,2969,4,25,A143,A151,2,A173
1,9,A32,A43,1206,4,25,A143,A152,1,A173
1,9,A32,A43,2118,2,37,A143,A152,1,A172
1,18,A34,A43,629,4,32,A141,A152,2,A174
2,6,A31,A46,1198,4,35,A143,A153,1,A173
1,21,A32,A41,2476,4,46,A143,A152,1,A174
1,9,A34,A43,1138,4,25,A143,A152,2,A172
2,60,A32,A40,14027,4,27,A143,A152,1,A174
1,30,A34,A41,7596,1,63,A143,A152,2,A173
1,30,A34,A43,3077,3,40,A143,A152,2,A173
1,18,A32,A43,1505,4,32,A143,A153,1,A174
1,24,A34,A43,3148,3,31,A143,A152,2,A173
1,20,A30,A41,6148,3,31,A141,A152,2,A173
2,9,A30,A43,1337,4,34,A143,A152,2,A174
2,6,A31,A46,433,4,24,A141,A151,1,A173
2,12,A32,A40,1228,4,24,A143,A152,1,A172
1,9,A32,A43,790,4,66,A143,A152,1,A172
2,27,A32,A40,2570,3,21,A143,A151,1,A173
1,6,A34,A40,250,2,41,A141,A152,2,A172
1,15,A34,A43,1316,2,47,A143,A152,2,A172
2,18,A32,A43,1882,4,25,A141,A151,2,A173
2,48,A31,A49,6416,4,59,A143,A151,1,A173
1,24,A34,A49,1275,2,36,A143,A152,2,A173
1,24,A33,A43,6403,1,33,A143,A152,1,A173
2,24,A32,A43,1987,2,21,A143,A151,1,A172
1,8,A32,A43,760,4,44,A143,A152,1,A172
1,24,A32,A41,2603,2,28,A143,A151,1,A173
1,4,A34,A40,3380,1,37,A143,A152,1,A173
1,36,A31,A44,3990,3,29,A141,A152,1,A171
2,24,A32,A41,11560,1,23,A143,A151,2,A174
1,18,A32,A40,4380,3,35,A143,A152,1,A172
1,6,A34,A40,6761,1,45,A143,A152,2,A174
2,30,A30,A49,4280,4,26,A143,A151,2,A172
1,24,A31,A40,2325,2,32,A141,A152,1,A173
1,10,A31,A43,1048,4,23,A142,A152,1,A172
1,21,A32,A43,3160,4,41,A143,A152,1,A173
1,24,A31,A42,2483,4,22,A142,A152,1,A173
1,39,A34,A42,14179,4,30,A143,A152,2,A174
1,13,A34,A49,1797,3,28,A141,A152,2,A172
1,15,A32,A40,2511,1,23,A143,A151,1,A173
2,12,A32,A40,1274,3,37,A143,A152,1,A172
1,21,A32,A41,5248,1,26,A143,A152,1,A173
1,15,A32,A41,3029,2,33,A143,A152,1,A173
1,6,A32,A42,428,2,49,A141,A152,1,A173
2,18,A32,A40,976,1,23,A143,A152,1,A172
1,12,A32,A49,841,2,23,A143,A151,1,A172
1,30,A34,A43,5771,4,25,A143,A152,2,A173
2,12,A33,A45,1555,4,55,A143,A153,2,A173
2,24,A32,A40,1285,4,32,A143,A151,1,A173
1,6,A34,A40,1299,1,74,A143,A152,3,A171
2,15,A34,A43,1271,3,39,A143,A153,2,A173
1,24,A32,A40,1393,2,31,A143,A152,1,A173
2,12,A34,A40,691,4,35,A143,A152,2,A173
1,15,A34,A40,5045,1,59,A143,A152,1,A173
2,18,A34,A42,2124,4,24,A143,A151,2,A173
1,12,A32,A43,2214,4,24,A143,A152,1,A172
2,21,A34,A40,12680,4,30,A143,A153,1,A174
1,24,A34,A40,2463,4,27,A143,A152,2,A173
1,12,A32,A43,1155,3,40,A141,A152,2,A172
2,30,A32,A42,3108,2,31,A143,A152,1,A172
1,10,A32,A41,2901,1,31,A143,A151,1,A173
1,12,A34,A42,3617,1,28,A143,A151,3,A173
1,12,A34,A43,1655,2,63,A143,A152,2,A172
1,24,A32,A41,2812,2,26,A143,A151,1,A173
2,36,A34,A46,8065,3,25,A143,A152,2,A174
1,21,A34,A41,3275,1,36,A143,A152,1,A174
1,24,A34,A43,2223,4,52,A141,A152,2,A173
1,12,A34,A40,1480,2,66,A141,A153,3,A171
2,24,A32,A40,1371,4,25,A143,A151,1,A173
1,36,A34,A40,3535,4,37,A143,A152,2,A173
1,18,A32,A43,3509,4,25,A143,A152,1,A173
1,36,A34,A41,5711,4,38,A143,A152,2,A174
1,18,A32,A45,3872,2,67,A143,A152,1,A173
2,39,A34,A43,4933,2,25,A143,A152,2,A173
1,24,A34,A40,1940,4,60,A143,A152,1,A173
1,12,A30,A48,1410,2,31,A143,A152,1,A172
2,12,A32,A40,836,4,23,A141,A152,1,A172
1,20,A32,A41,6468,1,60,A143,A152,1,A174
1,18,A32,A49,1941,4,35,A143,A152,1,A172
1,22,A32,A43,2675,3,40,A143,A152,1,A173
1,48,A34,A41,2751,4,38,A143,A152,2,A173
2,48,A33,A46,6224,4,50,A143,A153,1,A173
2,40,A34,A46,5998,4,27,A141,A152,1,A173
2,21,A32,A49,1188,2,39,A143,A152,1,A173
1,24,A32,A41,6313,3,41,A143,A152,1,A174
1,6,A34,A42,1221,1,27,A143,A152,2,A173
1,24,A32,A42,2892,3,51,A143,A153,1,A173
1,24,A32,A42,3062,4,32,A143,A151,1,A173
1,9,A32,A42,2301,2,22,A143,A151,1,A173
2,18,A32,A41,7511,1,51,A143,A153,1,A173
1,12,A34,A42,1258,2,22,A143,A151,2,A172
1,24,A33,A40,717,4,54,A143,A152,2,A173
1,9,A32,A40,1549,4,35,A143,A152,1,A171
1,24,A34,A46,1597,4,54,A143,A153,2,A173
1,18,A34,A43,1795,3,48,A141,A151,2,A172
1,20,A34,A42,4272,1,24,A143,A152,2,A173
1,12,A34,A43,976,4,35,A143,A152,2,A173
1,12,A32,A40,7472,1,24,A143,A151,1,A171
2,36,A32,A40,9271,2,24,A143,A152,1,A173
1,6,A32,A43,590,3,26,A143,A152,1,A172
1,12,A34,A43,930,4,65,A143,A152,4,A173
1,42,A31,A41,9283,1,55,A141,A153,1,A174
2,15,A30,A40,1778,2,26,A143,A151,2,A171
1,8,A32,A49,907,3,26,A143,A152,1,A173
1,6,A32,A43,484,3,28,A141,A152,1,A172
2,36,A34,A41,9629,4,24,A143,A152,2,A173
2,48,A32,A44,3051,3,54,A143,A152,1,A173
2,48,A32,A40,3931,4,46,A143,A153,1,A173
1,36,A33,A40,7432,2,54,A143,A151,1,A173
1,6,A32,A44,1338,1,62,A143,A152,1,A173
1,6,A34,A43,1554,1,24,A143,A151,2,A173
1,36,A32,A410,15857,2,43,A143,A152,1,A174
2,18,A32,A43,1345,4,26,A141,A152,1,A173
1,12,A32,A40,1101,3,27,A143,A152,2,A173
1,12,A32,A43,3016,3,24,A143,A152,1,A173
2,36,A32,A42,2712,2,41,A141,A152,1,A173
1,8,A34,A40,731,4,47,A143,A152,2,A172
1,18,A34,A42,3780,3,35,A143,A152,2,A174
1,21,A34,A40,1602,4,30,A143,A152,2,A173
2,18,A34,A40,3966,1,33,A141,A151,3,A173
2,18,A30,A49,4165,2,36,A142,A152,2,A173
2,36,A32,A41,8335,3,47,A143,A153,1,A173
1,48,A33,A49,6681,4,38,A143,A153,1,A173
1,24,A33,A49,2375,4,44,A143,A152,2,A173
2,18,A32,A40,1216,4,23,A143,A151,1,A173
2,45,A30,A49,11816,2,29,A143,A151,2,A173
1,24,A32,A43,5084,2,42,A143,A152,1,A173
2,15,A32,A43,2327,2,25,A143,A152,1,A172
2,12,A30,A40,1082,4,48,A141,A152,2,A173
1,12,A32,A43,886,4,21,A143,A152,1,A173
1,4,A32,A42,601,1,23,A143,A151,1,A172
1,24,A34,A41,2957,4,63,A143,A152,2,A173
1,24,A34,A43,2611,4,46,A143,A152,2,A173
2,36,A32,A42,5179,4,29,A143,A152,1,A173
1,21,A33,A41,2993,3,28,A142,A152,2,A172
2,18,A32,A45,1943,4,23,A143,A152,1,A173
1,24,A31,A49,1559,4,50,A141,A152,1,A173
1,18,A32,A42,3422,4,47,A141,A152,3,A173
1,21,A32,A42,3976,2,35,A143,A152,1,A173
2,18,A32,A40,6761,2,68,A143,A151,2,A173
1,24,A32,A40,1249,4,28,A143,A152,1,A173
1,9,A32,A43,1364,3,59,A143,A152,1,A173
2,12,A32,A43,709,4,57,A142,A152,1,A172
2,20,A34,A40,2235,4,33,A141,A151,2,A173
1,24,A34,A41,4042,3,43,A143,A152,2,A173
1,15,A34,A43,1471,4,35,A143,A153,2,A173
2,18,A31,A40,1442,4,32,A143,A153,2,A172
1,36,A33,A40,10875,2,45,A143,A152,2,A173
1,24,A32,A40,1474,4,33,A143,A152,1,A173
1,10,A32,A48,894,4,40,A143,A152,1,A173
1,15,A34,A42,3343,4,28,A143,A153,1,A173
2,15,A32,A40,3959,3,29,A143,A152,1,A173
1,9,A32,A40,3577,1,26,A143,A151,1,A173
1,24,A34,A41,5804,4,27,A143,A152,2,A173
2,18,A33,A49,2169,4,28,A143,A152,1,A173
2,24,A32,A43,2439,4,35,A143,A152,1,A173
1,27,A34,A42,4526,4,32,A142,A152,2,A172
2,10,A32,A42,2210,2,25,A141,A151,1,A172
1,15,A32,A42,2221,2,20,A143,A151,1,A173
1,18,A32,A43,2389,4,27,A142,A152,1,A173
1,12,A34,A42,3331,2,42,A142,A152,1,A173
1,36,A32,A49,7409,3,37,A143,A152,2,A173
1,12,A32,A42,652,4,24,A143,A151,1,A173
1,36,A33,A42,7678,2,40,A143,A152,2,A173
1,6,A34,A40,1343,1,46,A143,A152,2,A173
1,24,A34,A49,1382,4,26,A143,A152,2,A173
1,15,A32,A44,874,4,24,A143,A152,1,A173
1,12,A32,A42,3590,2,29,A143,A152,1,A172
1,11,A34,A40,1322,4,40,A143,A152,2,A173
1,18,A31,A43,1940,3,36,A141,A153,1,A174
1,36,A32,A43,3595,4,28,A143,A152,1,A173
2,9,A32,A40,1422,3,27,A143,A153,1,A174
1,30,A34,A43,6742,2,36,A143,A152,2,A173
1,24,A32,A41,7814,3,38,A143,A152,1,A174
1,24,A32,A41,9277,2,48,A143,A153,1,A173
1,30,A34,A40,2181,4,36,A143,A152,2,A173
1,18,A34,A43,1098,4,65,A143,A152,2,A171
2,24,A32,A42,4057,3,43,A143,A152,1,A173
2,12,A32,A46,795,4,53,A143,A152,1,A173
1,24,A34,A49,2825,4,34,A143,A152,2,A173
2,48,A32,A49,15672,2,23,A143,A152,1,A173
1,36,A34,A40,6614,4,34,A143,A152,2,A174
1,28,A31,A41,7824,3,40,A141,A151,2,A173
1,27,A34,A49,2442,4,43,A142,A152,4,A174
1,15,A34,A43,1829,4,46,A143,A152,2,A173
1,12,A34,A40,2171,4,38,A141,A152,2,A172
1,36,A34,A41,5800,3,34,A143,A152,2,A173
1,18,A34,A43,1169,4,29,A143,A152,2,A173
1,36,A33,A41,8947,3,31,A142,A152,1,A174
1,21,A32,A43,2606,4,28,A143,A151,1,A174
1,12,A34,A42,1592,3,35,A143,A152,1,A173
1,15,A32,A42,2186,1,33,A141,A151,1,A172
2,18,A32,A42,4153,2,42,A143,A152,1,A173
2,16,A34,A40,2625,2,43,A141,A151,1,A173
1,20,A34,A40,3485,2,44,A143,A152,2,A173
1,36,A34,A41,10477,2,42,A143,A153,2,A173
1,15,A32,A43,1386,4,40,A143,A151,1,A173
1,24,A32,A43,1278,4,36,A143,A152,1,A174
1,12,A32,A43,1107,2,20,A143,A151,1,A174
1,21,A32,A40,3763,2,24,A143,A152,1,A172
1,36,A32,A46,3711,2,27,A143,A152,1,A173
1,15,A33,A41,3594,1,46,A143,A152,2,A172
1,9,A32,A40,3195,1,33,A143,A152,1,A172
1,36,A33,A43,4454,4,34,A143,A152,2,A173
2,24,A34,A42,4736,2,25,A141,A152,1,A172
1,30,A32,A43,2991,2,25,A143,A152,1,A173
1,11,A32,A49,2142,1,28,A143,A152,1,A173
2,24,A31,A49,3161,4,31,A143,A151,1,A173
2,48,A30,A410,18424,1,32,A141,A152,1,A174
1,10,A32,A41,2848,1,32,A143,A152,1,A173
2,6,A32,A40,14896,1,68,A141,A152,1,A174
2,24,A32,A42,2359,1,33,A143,A152,1,A173
2,24,A32,A42,3345,4,39,A143,A151,1,A174
1,18,A34,A42,1817,4,28,A143,A152,2,A173
1,48,A33,A43,12749,4,37,A143,A152,1,A174
2,9,A32,A43,1366,3,22,A143,A151,1,A173
1,12,A32,A40,2002,3,30,A143,A151,1,A173
2,24,A31,A42,6872,2,55,A141,A152,1,A173
2,12,A31,A40,697,4,46,A141,A152,2,A173
1,18,A34,A42,1049,4,21,A143,A151,1,A173
2,48,A32,A41,10297,4,39,A142,A153,3,A173
1,30,A32,A43,1867,4,58,A143,A152,1,A173
1,12,A33,A40,1344,4,43,A143,A152,2,A172
1,24,A32,A42,1747,4,24,A143,A152,1,A172
2,9,A32,A43,1670,4,22,A143,A152,1,A173
1,9,A34,A40,1224,3,30,A143,A152,2,A173
1,12,A34,A43,522,4,42,A143,A152,2,A173
1,12,A32,A43,1498,4,23,A141,A152,1,A173
2,30,A33,A43,1919,4,30,A142,A152,2,A174
2,9,A32,A43,745,3,28,A143,A152,1,A172
1,6,A32,A43,2063,4,30,A143,A151,1,A174
2,60,A32,A46,6288,4,42,A143,A153,1,A173
1,24,A34,A41,6842,2,46,A143,A152,2,A174
1,12,A32,A40,3527,2,45,A143,A152,1,A174
1,10,A32,A40,1546,3,31,A143,A152,1,A172
1,24,A32,A42,929,4,31,A142,A152,1,A173
1,4,A34,A40,1455,2,42,A143,A152,3,A172
1,15,A32,A42,1845,4,46,A143,A151,1,A173
1,48,A30,A40,8358,1,30,A143,A152,2,A173
2,24,A31,A42,3349,4,30,A143,A153,1,A173
1,12,A32,A40,2859,4,38,A143,A152,1,A174
2,18,A32,A42,1533,4,43,A143,A152,1,A172
2,24,A32,A43,3621,2,31,A143,A152,2,A173
1,18,A34,A49,3590,3,40,A143,A152,3,A171
2,36,A33,A49,2145,2,24,A143,A152,2,A173
2,24,A32,A41,4113,3,28,A143,A151,1,A173
2,36,A32,A42,10974,4,26,A143,A152,2,A174
1,12,A32,A40,1893,4,29,A143,A152,1,A173
1,24,A34,A43,1231,4,57,A143,A151,2,A174
1,30,A34,A43,3656,4,49,A142,A152,2,A172
1,9,A34,A43,1154,2,37,A143,A152,3,A172
2,28,A32,A40,4006,3,45,A143,A152,1,A172
1,24,A32,A42,3069,4,30,A143,A153,1,A173
1,6,A34,A43,1740,2,30,A143,A151,2,A173
1,21,A33,A40,2353,1,47,A143,A152,2,A173
1,15,A32,A40,3556,3,29,A143,A152,1,A173
2,24,A32,A43,2397,3,35,A141,A152,2,A173
1,6,A32,A45,454,3,22,A143,A152,1,A172
1,30,A32,A43,1715,4,26,A143,A152,1,A173
2,27,A34,A43,2520,4,23,A143,A152,2,A172
1,15,A32,A43,3568,4,54,A141,A151,1,A174
1,42,A32,A43,7166,2,29,A143,A151,1,A173
1,11,A34,A40,3939,1,40,A143,A152,2,A172
1,15,A32,A45,1514,4,22,A143,A152,1,A173
1,24,A32,A40,7393,1,43,A143,A152,1,A172
2,24,A31,A40,1193,1,29,A143,A151,2,A171
2,60,A32,A49,7297,4,36,A143,A151,1,A173
1,30,A34,A43,2831,4,33,A143,A152,1,A173
1,24,A32,A43,1258,3,57,A143,A152,1,A172
1,6,A32,A43,753,2,64,A143,A152,1,A173
1,18,A33,A49,2427,4,42,A143,A152,2,A173
2,24,A33,A40,2538,4,47,A143,A152,2,A172
2,15,A31,A40,1264,2,25,A143,A151,1,A173
2,30,A34,A42,8386,2,49,A143,A152,1,A173
2,48,A32,A49,4844,3,33,A141,A151,1,A174
1,21,A32,A40,2923,1,28,A141,A152,1,A174
2,36,A32,A41,8229,2,26,A143,A152,1,A173
1,24,A34,A42,2028,2,30,A143,A152,2,A172
1,15,A34,A42,1433,4,25,A143,A151,2,A173
1,42,A30,A49,6289,2,33,A143,A152,2,A173
1,13,A32,A43,1409,2,64,A143,A152,1,A173
1,24,A32,A41,6579,4,29,A143,A153,1,A174
1,24,A34,A43,1743,4,48,A143,A152,2,A172
1,12,A34,A46,3565,2,37,A143,A152,2,A172
1,15,A31,A43,1569,4,34,A141,A152,1,A172
1,18,A32,A43,1936,2,23,A143,A151,2,A172
1,36,A32,A42,3959,4,30,A143,A152,1,A174
1,12,A32,A40,2390,4,50,A143,A152,1,A173
1,12,A32,A42,1736,3,31,A143,A152,1,A172
1,30,A32,A41,3857,4,40,A143,A152,1,A174
1,12,A32,A43,804,4,38,A143,A152,1,A173
2,45,A32,A43,1845,4,23,A143,A153,1,A173
1,45,A34,A41,4576,3,27,A143,A152,1,A173
